<edmx:Edmx
    xmlns:edmx="http://schemas.microsoft.com/ado/2007/06/edmx"
    xmlns:m="http://schemas.microsoft.com/ado/2007/08/dataservices/metadata"
    xmlns:sap="http://www.sap.com/Protocols/SAPData" Version="1.0">
    <edmx:DataServices m:DataServiceVersion="2.0">
        <Schema
            xmlns="http://schemas.microsoft.com/ado/2008/09/edm" Namespace="ZMM_ODATA_PR_NEW_SRV" xml:lang="en" sap:schema-version="1">
            <EntityType Name="SearchItems" sap:content-version="1">
                <Key>
                    <PropertyRef Name="Eqktx"/>
                    <PropertyRef Name="Matnr"/>
                    <PropertyRef Name="Mfrpn"/>
                    <PropertyRef Name="Maktx"/>
                    <PropertyRef Name="Matkl"/>
                </Key>
                <Property Name="Eqktx" Type="Edm.String" Nullable="false" MaxLength="40" sap:unicode="false" sap:label="Description" sap:creatable="false" sap:updatable="false" sap:sortable="false"/>
                <Property Name="Name1" Type="Edm.String" Nullable="false" MaxLength="30" sap:unicode="false" sap:label="Name 1" sap:creatable="false" sap:updatable="false" sap:sortable="false" sap:filterable="false"/>
                <Property Name="Name2" Type="Edm.String" Nullable="false" MaxLength="30" sap:unicode="false" sap:label="Name 1" sap:creatable="false" sap:updatable="false" sap:sortable="false" sap:filterable="false"/>
                <Property Name="Fav" Type="Edm.Boolean" Nullable="false" sap:unicode="false" sap:label="Boolean Variable (X=true, -=false, space=unknown)" sap:creatable="false" sap:updatable="false" sap:sortable="false" sap:filterable="false"/>
                <Property Name="Matnr" Type="Edm.String" Nullable="false" MaxLength="40" sap:unicode="false" sap:label="Material" sap:creatable="false" sap:updatable="false" sap:sortable="false"/>
                <Property Name="Mfrnr" Type="Edm.String" Nullable="false" MaxLength="10" sap:unicode="false" sap:label="Manufacturer" sap:creatable="false" sap:updatable="false" sap:sortable="false"/>
                <Property Name="Mfrpn" Type="Edm.String" Nullable="false" MaxLength="40" sap:unicode="false" sap:label="Mfr Part Number" sap:creatable="false" sap:updatable="false" sap:sortable="false"/>
                <Property Name="Maktx" Type="Edm.String" Nullable="false" MaxLength="40" sap:unicode="false" sap:label="Description" sap:creatable="false" sap:updatable="false" sap:sortable="false"/>
                <Property Name="Uom" Type="Edm.String" Nullable="false" MaxLength="3" sap:unicode="false" sap:label="Base Unit" sap:creatable="false" sap:updatable="false" sap:sortable="false" sap:filterable="false" sap:semantics="unit-of-measure"/>
                <Property Name="Verpr" Type="Edm.Decimal" Nullable="false" Precision="12" Scale="3" sap:unicode="false" sap:label="Moving price" sap:creatable="false" sap:updatable="false" sap:sortable="false" sap:filterable="false"/>
                <Property Name="Waers" Type="Edm.String" Nullable="false" MaxLength="5" sap:unicode="false" sap:label="Currency" sap:creatable="false" sap:updatable="false" sap:sortable="false" sap:filterable="false" sap:semantics="currency-code"/>
                <Property Name="Matkl" Type="Edm.String" Nullable="false" MaxLength="9" sap:unicode="false" sap:label="Material Group" sap:creatable="false" sap:updatable="false" sap:sortable="false"/>
                <Property Name="Text" Type="Edm.String" Nullable="false" sap:unicode="false" sap:label="TEXT" sap:creatable="false" sap:updatable="false" sap:sortable="false" sap:filterable="false"/>
                <Property Name="Image" Type="Edm.String" Nullable="false" sap:unicode="false" sap:label="IMAGE" sap:creatable="false" sap:updatable="false" sap:sortable="false" sap:filterable="false"/>
                <Property Name="Menge" Type="Edm.Decimal" Nullable="false" Precision="13" Scale="3" sap:unicode="false" sap:label="Quantity" sap:creatable="false" sap:updatable="false" sap:sortable="false" sap:filterable="false"/>
            </EntityType>
            <EntityType Name="Searchmatgrp" sap:content-version="1">
                <Key>
                    <PropertyRef Name="Matkl"/>
                    <PropertyRef Name="Wgbez60"/>
                </Key>
                <Property Name="Matkl" Type="Edm.String" Nullable="false" MaxLength="9" sap:unicode="false" sap:label="Material Group" sap:creatable="false" sap:updatable="false" sap:sortable="false" sap:filterable="false"/>
                <Property Name="Wgbez60" Type="Edm.String" Nullable="false" MaxLength="60" sap:unicode="false" sap:label="Mat.Grp Desc. 2" sap:creatable="false" sap:updatable="false" sap:sortable="false" sap:filterable="false"/>
                <Property Name="Mfrnr" Type="Edm.String" Nullable="false" MaxLength="10" sap:unicode="false" sap:label="Vendor" sap:creatable="false" sap:updatable="false" sap:sortable="false" sap:filterable="false"/>
                <Property Name="Name1" Type="Edm.String" Nullable="false" MaxLength="35" sap:unicode="false" sap:label="Name" sap:creatable="false" sap:updatable="false" sap:sortable="false" sap:filterable="false"/>
            </EntityType>
            <EntityType Name="Searchmanf" sap:content-version="1">
                <Key>
                    <PropertyRef Name="Mfrnr"/>
                </Key>
                <Property Name="Mfrnr" Type="Edm.String" Nullable="false" MaxLength="10" sap:unicode="false" sap:label="Vendor" sap:creatable="false" sap:updatable="false" sap:sortable="false" sap:filterable="false"/>
                <Property Name="Name1" Type="Edm.String" Nullable="false" MaxLength="35" sap:unicode="false" sap:label="Name" sap:creatable="false" sap:updatable="false" sap:sortable="false" sap:filterable="false"/>
            </EntityType>
            <EntityType Name="searchequtx" sap:content-version="1">
                <Key>
                    <PropertyRef Name="Eqktx"/>
                    <PropertyRef Name="Equnr"/>
                </Key>
                <Property Name="Eqktx" Type="Edm.String" Nullable="false" MaxLength="40" sap:unicode="false" sap:label="Description" sap:creatable="false" sap:updatable="false" sap:sortable="false" sap:filterable="false"/>
                <Property Name="Equnr" Type="Edm.String" Nullable="false" MaxLength="18" sap:unicode="false" sap:label="Equipment" sap:creatable="false" sap:updatable="false" sap:sortable="false" sap:filterable="false"/>
            </EntityType>
            <EntityType Name="Favorite" sap:content-version="1">
                <Key>
                    <PropertyRef Name="Matnr"/>
                </Key>
                <Property Name="Mandt" Type="Edm.String" Nullable="false" MaxLength="3" sap:unicode="false" sap:label="Client" sap:creatable="false" sap:updatable="false" sap:sortable="false" sap:filterable="false"/>
                <Property Name="Wgbez" Type="Edm.String" Nullable="false" MaxLength="20" sap:unicode="false" sap:label="Matl Grp Desc." sap:creatable="false" sap:updatable="false" sap:sortable="false" sap:filterable="false"/>
                <Property Name="Img" Type="Edm.String" Nullable="false" sap:unicode="false" sap:label="Image" sap:creatable="false" sap:updatable="false" sap:sortable="false" sap:filterable="false"/>
                <Property Name="Usern" Type="Edm.String" Nullable="false" MaxLength="12" sap:unicode="false" sap:label="User Name" sap:creatable="false" sap:updatable="false" sap:sortable="false" sap:filterable="false"/>
                <Property Name="Matnr" Type="Edm.String" Nullable="false" MaxLength="40" sap:unicode="false" sap:label="Material" sap:creatable="false" sap:updatable="false" sap:sortable="false" sap:filterable="false"/>
                <Property Name="Maktx" Type="Edm.String" Nullable="false" MaxLength="40" sap:unicode="false" sap:label="Description" sap:creatable="false" sap:updatable="false" sap:sortable="false" sap:filterable="false"/>
                <Property Name="Uom" Type="Edm.String" Nullable="false" MaxLength="3" sap:unicode="false" sap:label="Base Unit" sap:creatable="false" sap:updatable="false" sap:sortable="false" sap:filterable="false" sap:semantics="unit-of-measure"/>
                <Property Name="Verpr" Type="Edm.Decimal" Nullable="false" Precision="12" Scale="3" sap:unicode="false" sap:label="Moving price" sap:creatable="false" sap:updatable="false" sap:sortable="false" sap:filterable="false"/>
                <Property Name="Waers" Type="Edm.String" Nullable="false" MaxLength="5" sap:unicode="false" sap:label="Currency" sap:creatable="false" sap:updatable="false" sap:sortable="false" sap:filterable="false" sap:semantics="currency-code"/>
                <Property Name="Matkl" Type="Edm.String" Nullable="false" MaxLength="9" sap:unicode="false" sap:label="Material Group" sap:creatable="false" sap:updatable="false" sap:sortable="false" sap:filterable="false"/>
                <Property Name="Mfrnr" Type="Edm.String" Nullable="false" MaxLength="10" sap:unicode="false" sap:label="Manufacturer" sap:creatable="false" sap:updatable="false" sap:sortable="false" sap:filterable="false"/>
                <Property Name="Text" Type="Edm.String" Nullable="false" sap:unicode="false" sap:label="TEXT" sap:creatable="false" sap:updatable="false" sap:sortable="false" sap:filterable="false"/>
                <Property Name="Menge" Type="Edm.Decimal" Nullable="false" Precision="13" Scale="3" sap:unicode="false" sap:label="Quantity" sap:creatable="false" sap:updatable="false" sap:sortable="false" sap:filterable="false"/>
            </EntityType>
            <EntityType Name="Previtems" sap:content-version="1">
                <Key>
                    <PropertyRef Name="Banfn"/>
                    <PropertyRef Name="Bnfpo"/>
                </Key>
                <Property Name="Banfn" Type="Edm.String" Nullable="false" MaxLength="10" sap:unicode="false" sap:label="Purchase Req." sap:creatable="false" sap:updatable="false" sap:sortable="false" sap:filterable="false"/>
                <Property Name="Ernam" Type="Edm.String" Nullable="false" MaxLength="12" sap:unicode="false" sap:label="Created by" sap:creatable="false" sap:updatable="false" sap:sortable="false" sap:filterable="false"/>
                <Property Name="Erdat" Type="Edm.DateTime" Nullable="false" Precision="7" sap:unicode="false" sap:label="Created on" sap:creatable="false" sap:updatable="false" sap:sortable="false" sap:filterable="false"/>
                <Property Name="Wgbez" Type="Edm.String" Nullable="false" MaxLength="20" sap:unicode="false" sap:label="Matl Grp Desc." sap:creatable="false" sap:updatable="false" sap:sortable="false" sap:filterable="false"/>
                <Property Name="Bnfpo" Type="Edm.String" Nullable="false" MaxLength="5" sap:unicode="false" sap:label="Requisn. item" sap:creatable="false" sap:updatable="false" sap:sortable="false" sap:filterable="false"/>
                <Property Name="Knttp" Type="Edm.String" Nullable="false" MaxLength="1" sap:unicode="false" sap:label="Acct Assgmt Cat" sap:creatable="false" sap:updatable="false" sap:sortable="false" sap:filterable="false"/>
                <Property Name="Matnr" Type="Edm.String" Nullable="false" MaxLength="40" sap:unicode="false" sap:label="Material" sap:creatable="false" sap:updatable="false" sap:sortable="false" sap:filterable="false"/>
                <Property Name="Txz01" Type="Edm.String" Nullable="false" MaxLength="40" sap:unicode="false" sap:label="Short Text" sap:creatable="false" sap:updatable="false" sap:sortable="false" sap:filterable="false"/>
                <Property Name="Preis" Type="Edm.Decimal" Nullable="false" Precision="12" Scale="3" sap:unicode="false" sap:label="Price" sap:creatable="false" sap:updatable="false" sap:sortable="false" sap:filterable="false"/>
                <Property Name="Waers" Type="Edm.String" Nullable="false" MaxLength="5" sap:unicode="false" sap:label="Currency" sap:creatable="false" sap:updatable="false" sap:sortable="false" sap:filterable="false" sap:semantics="currency-code"/>
                <Property Name="Menge" Type="Edm.Decimal" Nullable="false" Precision="13" Scale="3" sap:unicode="false" sap:label="Quantity" sap:creatable="false" sap:updatable="false" sap:sortable="false" sap:filterable="false"/>
                <Property Name="Matkl" Type="Edm.String" Nullable="false" MaxLength="9" sap:unicode="false" sap:label="Material Group" sap:creatable="false" sap:updatable="false" sap:sortable="false" sap:filterable="false"/>
            </EntityType>
            <EntityType Name="Draftitems" sap:content-version="1">
                <Key>
                    <PropertyRef Name="Guid"/>
                </Key>
                <Property Name="Name1" Type="Edm.String" Nullable="false" MaxLength="30" sap:unicode="false" sap:label="Name 1" sap:creatable="false" sap:updatable="false" sap:sortable="false" sap:filterable="false"/>
                <Property Name="Guid" Type="Edm.String" Nullable="false" MaxLength="16" sap:unicode="false" sap:label="Globally Unique Identifier" sap:creatable="false" sap:updatable="false" sap:sortable="false" sap:filterable="false"/>
                <Property Name="WbsEle" Type="Edm.String" Nullable="false" MaxLength="20" sap:unicode="false" sap:label="Char20" sap:creatable="false" sap:updatable="false" sap:sortable="false" sap:filterable="false"/>
                <Property Name="Total" Type="Edm.Decimal" Nullable="false" Precision="12" Scale="3" sap:unicode="false" sap:label="Moving price" sap:creatable="false" sap:updatable="false" sap:sortable="false" sap:filterable="false"/>
                <Property Name="Text1" Type="Edm.String" Nullable="false" sap:unicode="false" sap:label="Short text" sap:creatable="false" sap:updatable="false" sap:sortable="false" sap:filterable="false"/>
                <Property Name="Wgbez" Type="Edm.String" Nullable="false" MaxLength="20" sap:unicode="false" sap:label="Matl Grp Desc." sap:creatable="false" sap:updatable="false" sap:sortable="false" sap:filterable="false"/>
                <Property Name="DelDate" Type="Edm.String" Nullable="false" MaxLength="10" sap:unicode="false" sap:label="Character Field Length = 10" sap:creatable="false" sap:updatable="false" sap:sortable="false" sap:filterable="false"/>
                <Property Name="City1" Type="Edm.String" Nullable="false" MaxLength="40" sap:unicode="false" sap:label="City" sap:creatable="false" sap:updatable="false" sap:sortable="false" sap:filterable="false"/>
                <Property Name="Preis" Type="Edm.Decimal" Nullable="false" Precision="23" Scale="4" sap:unicode="false" sap:label="Valuation price" sap:creatable="false" sap:updatable="false" sap:sortable="false" sap:filterable="false"/>
                <Property Name="Knttp" Type="Edm.String" Nullable="false" MaxLength="1" sap:unicode="false" sap:label="Acct Assgmt Cat" sap:creatable="false" sap:updatable="false" sap:sortable="false" sap:filterable="false"/>
                <Property Name="PostCode1" Type="Edm.String" Nullable="false" MaxLength="10" sap:unicode="false" sap:label="Postal Code" sap:creatable="false" sap:updatable="false" sap:sortable="false" sap:filterable="false"/>
                <Property Name="Street" Type="Edm.String" Nullable="false" MaxLength="70" sap:unicode="false" sap:label="Char 70" sap:creatable="false" sap:updatable="false" sap:sortable="false" sap:filterable="false"/>
                <Property Name="Matnr" Type="Edm.String" Nullable="false" MaxLength="40" sap:unicode="false" sap:label="Material" sap:creatable="false" sap:updatable="false" sap:sortable="false" sap:filterable="false"/>
                <Property Name="Country" Type="Edm.String" Nullable="false" MaxLength="3" sap:unicode="false" sap:label="Country" sap:creatable="false" sap:updatable="false" sap:sortable="false" sap:filterable="false"/>
                <Property Name="Ebelp" Type="Edm.String" Nullable="false" MaxLength="5" sap:unicode="false" sap:label="Item" sap:creatable="false" sap:updatable="false" sap:sortable="false" sap:filterable="false"/>
                <Property Name="Maktx" Type="Edm.String" Nullable="false" MaxLength="40" sap:unicode="false" sap:label="Description" sap:creatable="false" sap:updatable="false" sap:sortable="false" sap:filterable="false"/>
                <Property Name="Region" Type="Edm.String" Nullable="false" MaxLength="3" sap:unicode="false" sap:label="PO Region" sap:creatable="false" sap:updatable="false" sap:sortable="false" sap:filterable="false"/>
                <Property Name="Uom" Type="Edm.String" Nullable="false" MaxLength="3" sap:unicode="false" sap:label="Base Unit" sap:creatable="false" sap:updatable="false" sap:sortable="false" sap:filterable="false" sap:semantics="unit-of-measure"/>
                <Property Name="MobNumber" Type="Edm.String" Nullable="false" MaxLength="30" sap:unicode="false" sap:label="Telephone" sap:creatable="false" sap:updatable="false" sap:sortable="false" sap:filterable="false"/>
                <Property Name="Adrnr" Type="Edm.String" Nullable="false" MaxLength="10" sap:unicode="false" sap:label="Address" sap:creatable="false" sap:updatable="false" sap:sortable="false" sap:filterable="false"/>
                <Property Name="Verpr" Type="Edm.Decimal" Nullable="false" Precision="12" Scale="3" sap:unicode="false" sap:label="Moving price" sap:creatable="false" sap:updatable="false" sap:sortable="false" sap:filterable="false"/>
                <Property Name="Waers" Type="Edm.String" Nullable="false" MaxLength="5" sap:unicode="false" sap:label="Currency" sap:creatable="false" sap:updatable="false" sap:sortable="false" sap:filterable="false" sap:semantics="currency-code"/>
                <Property Name="Matkl" Type="Edm.String" Nullable="false" MaxLength="9" sap:unicode="false" sap:label="Material Group" sap:creatable="false" sap:updatable="false" sap:sortable="false" sap:filterable="false"/>
                <Property Name="Mfrnr" Type="Edm.String" Nullable="false" MaxLength="10" sap:unicode="false" sap:label="Manufacturer" sap:creatable="false" sap:updatable="false" sap:sortable="false" sap:filterable="false"/>
                <Property Name="Text" Type="Edm.String" Nullable="false" sap:unicode="false" sap:label="TEXT" sap:creatable="false" sap:updatable="false" sap:sortable="false" sap:filterable="false"/>
                <Property Name="Lfdat" Type="Edm.DateTime" Nullable="false" Precision="7" sap:unicode="false" sap:label="Delivery date" sap:creatable="false" sap:updatable="false" sap:sortable="false" sap:filterable="false"/>
                <Property Name="Contn" Type="Edm.String" Nullable="false" sap:unicode="false" sap:label="Contact Number" sap:creatable="false" sap:updatable="false" sap:sortable="false" sap:filterable="false"/>
                <Property Name="Carrier" Type="Edm.String" Nullable="false" sap:unicode="false" sap:label="Carrier" sap:creatable="false" sap:updatable="false" sap:sortable="false" sap:filterable="false"/>
                <Property Name="Dploc" Type="Edm.String" Nullable="false" sap:unicode="false" sap:label="Drop of location" sap:creatable="false" sap:updatable="false" sap:sortable="false" sap:filterable="false"/>
                <Property Name="Image" Type="Edm.String" Nullable="false" sap:unicode="false" sap:label="Image" sap:creatable="false" sap:updatable="false" sap:sortable="false" sap:filterable="false"/>
                <Property Name="Menge" Type="Edm.Decimal" Nullable="false" Precision="13" Scale="3" sap:unicode="false" sap:label="Quantity" sap:creatable="false" sap:updatable="false" sap:sortable="false" sap:filterable="false"/>
            </EntityType>
            <EntityType Name="Checkflag" sap:content-version="1">
                <Key>
                    <PropertyRef Name="Guid"/>
                </Key>
                <Property Name="Banfn" Type="Edm.String" Nullable="false" MaxLength="10" sap:unicode="false" sap:label="Purchase Req." sap:creatable="false" sap:updatable="false" sap:sortable="false" sap:filterable="false"/>
                <Property Name="Rig" Type="Edm.String" Nullable="false" sap:unicode="false" sap:label="Rig Number" sap:creatable="false" sap:updatable="false" sap:sortable="false" sap:filterable="false"/>
                <Property Name="Waers" Type="Edm.String" Nullable="false" MaxLength="5" sap:unicode="false" sap:label="Currency" sap:creatable="false" sap:updatable="false" sap:sortable="false" sap:filterable="false" sap:semantics="currency-code"/>
                <Property Name="Flag" Type="Edm.String" Nullable="false" MaxLength="1" sap:unicode="false" sap:label="Flag to identify if any draft Requisition is available" sap:creatable="false" sap:updatable="false" sap:sortable="false" sap:filterable="false"/>
                <Property Name="Guid" Type="Edm.String" Nullable="false" MaxLength="16" sap:unicode="false" sap:label="Globally Unique Identifier" sap:creatable="false" sap:updatable="false" sap:sortable="false" sap:filterable="false"/>
                <Property Name="Count" Type="Edm.String" Nullable="false" MaxLength="3" sap:unicode="false" sap:label="Count" sap:creatable="false" sap:updatable="false" sap:sortable="false" sap:filterable="false"/>
                <NavigationProperty Name="nav_htoi" Relationship="ZMM_ODATA_PR_NEW_SRV.orderToItem" FromRole="FromRole_orderToItem" ToRole="ToRole_orderToItem"/>
            </EntityType>
            <EntityType Name="Searchmfrpn" sap:content-version="1">
                <Key>
                    <PropertyRef Name="Mfrpn"/>
                </Key>
                <Property Name="Mfrpn" Type="Edm.String" Nullable="false" MaxLength="40" sap:unicode="false" sap:label="Mfr Part Number" sap:creatable="false" sap:updatable="false" sap:sortable="false" sap:filterable="false"/>
            </EntityType>
            <EntityType Name="SesAttach" sap:content-version="1">
                <Key>
                    <PropertyRef Name="Filename"/>
                    <PropertyRef Name="Ebeln"/>
                </Key>
                <Property Name="Filename" Type="Edm.String" Nullable="false" MaxLength="100" sap:unicode="false" sap:label="Character 100" sap:creatable="false" sap:updatable="false" sap:sortable="false" sap:filterable="false"/>
                <Property Name="Ebeln" Type="Edm.String" Nullable="false" MaxLength="10" sap:unicode="false" sap:label="Purchasing Doc." sap:creatable="false" sap:updatable="false" sap:sortable="false" sap:filterable="false"/>
                <Property Name="MimeType" Type="Edm.String" Nullable="false" MaxLength="100" sap:unicode="false" sap:label="Character 100" sap:creatable="false" sap:updatable="false" sap:sortable="false" sap:filterable="false"/>
                <Property Name="MediaResource" Type="Edm.Binary" Nullable="false" sap:unicode="false" sap:label="Binary String" sap:creatable="false" sap:updatable="false" sap:sortable="false" sap:filterable="false"/>
            </EntityType>
            <EntityType Name="Draftline" sap:content-version="1">
                <Key>
                    <PropertyRef Name="Guid"/>
                    <PropertyRef Name="Ebelp"/>
                </Key>
                <Property Name="Guid" Type="Edm.String" Nullable="false" MaxLength="16" sap:unicode="false" sap:label="Field of length 16" sap:creatable="false" sap:updatable="false" sap:sortable="false" sap:filterable="false"/>
                <Property Name="Ebelp" Type="Edm.String" Nullable="false" MaxLength="5" sap:unicode="false" sap:label="Item" sap:creatable="false" sap:updatable="false" sap:sortable="false" sap:filterable="false"/>
            </EntityType>
            <EntityType Name="Address" sap:content-version="1">
                <Key>
                    <PropertyRef Name="Adrnr"/>
                </Key>
                <Property Name="Name1" Type="Edm.String" Nullable="false" MaxLength="30" sap:unicode="false" sap:label="Name 1" sap:creatable="false" sap:updatable="false" sap:sortable="false" sap:filterable="false"/>
                <Property Name="City1" Type="Edm.String" Nullable="false" MaxLength="40" sap:unicode="false" sap:label="City" sap:creatable="false" sap:updatable="false" sap:sortable="false" sap:filterable="false"/>
                <Property Name="PostCode1" Type="Edm.String" Nullable="false" MaxLength="10" sap:unicode="false" sap:label="Postal Code" sap:creatable="false" sap:updatable="false" sap:sortable="false" sap:filterable="false"/>
                <Property Name="Street" Type="Edm.String" Nullable="false" MaxLength="70" sap:unicode="false" sap:label="Char 70" sap:creatable="false" sap:updatable="false" sap:sortable="false" sap:filterable="false"/>
                <Property Name="Country" Type="Edm.String" Nullable="false" MaxLength="3" sap:unicode="false" sap:label="Country" sap:creatable="false" sap:updatable="false" sap:sortable="false" sap:filterable="false"/>
                <Property Name="Region" Type="Edm.String" Nullable="false" MaxLength="3" sap:unicode="false" sap:label="PO Region" sap:creatable="false" sap:updatable="false" sap:sortable="false" sap:filterable="false"/>
                <Property Name="MobNumber" Type="Edm.String" Nullable="false" MaxLength="30" sap:unicode="false" sap:label="Telephone" sap:creatable="false" sap:updatable="false" sap:sortable="false" sap:filterable="false"/>
                <Property Name="Carrier" Type="Edm.String" Nullable="false" MaxLength="20" sap:unicode="false" sap:label="Char20" sap:creatable="false" sap:updatable="false" sap:sortable="false" sap:filterable="false"/>
                <Property Name="Adrnr" Type="Edm.String" Nullable="false" MaxLength="10" sap:unicode="false" sap:label="Address" sap:creatable="false" sap:updatable="false" sap:sortable="false" sap:filterable="false"/>
            </EntityType>
            <EntityType Name="Filter" sap:content-version="1">
                <Key>
                    <PropertyRef Name="Ernam"/>
                </Key>
                <Property Name="Ernam" Type="Edm.String" Nullable="false" MaxLength="12" sap:unicode="false" sap:label="Created by" sap:creatable="false" sap:updatable="false" sap:sortable="false" sap:filterable="false"/>
            </EntityType>
            <EntityType Name="Print" sap:content-version="1">
                <Key>
                    <PropertyRef Name="Banfn1"/>
                </Key>
                <Property Name="Banfn1" Type="Edm.String" Nullable="false" MaxLength="16" sap:unicode="false" sap:label="Field of length 16" sap:creatable="false" sap:updatable="false" sap:sortable="false" sap:filterable="false"/>
            </EntityType>
            <EntityType Name="pdf" m:HasStream="true" sap:content-version="1">
                <Key>
                    <PropertyRef Name="Banfn"/>
                </Key>
                <Property Name="Filename" Type="Edm.String" Nullable="false" MaxLength="100" sap:unicode="false" sap:label="Character 100" sap:creatable="false" sap:updatable="false" sap:sortable="false" sap:filterable="false"/>
                <Property Name="Banfn" Type="Edm.String" Nullable="false" MaxLength="10" sap:unicode="false" sap:label="Purchase Req." sap:creatable="false" sap:updatable="false" sap:sortable="false" sap:filterable="false"/>
                <Property Name="MimeType" Type="Edm.String" Nullable="false" MaxLength="100" sap:unicode="false" sap:label="Character 100" sap:creatable="false" sap:updatable="false" sap:sortable="false" sap:filterable="false"/>
                <Property Name="MediaResource" Type="Edm.Binary" Nullable="false" sap:unicode="false" sap:label="Binary String" sap:creatable="false" sap:updatable="false" sap:sortable="false" sap:filterable="false"/>
            </EntityType>
            <Association Name="orderToItem" sap:content-version="1">
                <End Type="ZMM_ODATA_PR_NEW_SRV.Checkflag" Multiplicity="1" Role="FromRole_orderToItem"/>
                <End Type="ZMM_ODATA_PR_NEW_SRV.Draftitems" Multiplicity="*" Role="ToRole_orderToItem"/>
                <ReferentialConstraint>
                    <Principal Role="FromRole_orderToItem">
                        <PropertyRef Name="Guid"/>
                    </Principal>
                    <Dependent Role="ToRole_orderToItem">
                        <PropertyRef Name="Guid"/>
                    </Dependent>
                </ReferentialConstraint>
            </Association>
            <EntityContainer Name="ZMM_ODATA_PR_NEW_SRV_Entities" m:IsDefaultEntityContainer="true" sap:supported-formats="atom json xlsx">
                <EntitySet Name="SearchItemsSet" EntityType="ZMM_ODATA_PR_NEW_SRV.SearchItems" sap:creatable="false" sap:updatable="false" sap:deletable="false" sap:searchable="true" sap:pageable="false" sap:content-version="1"/>
                <EntitySet Name="SearchmatgrpSet" EntityType="ZMM_ODATA_PR_NEW_SRV.Searchmatgrp" sap:creatable="false" sap:updatable="false" sap:deletable="false" sap:pageable="false" sap:content-version="1"/>
                <EntitySet Name="SearchmanfSet" EntityType="ZMM_ODATA_PR_NEW_SRV.Searchmanf" sap:creatable="false" sap:updatable="false" sap:deletable="false" sap:pageable="false" sap:content-version="1"/>
                <EntitySet Name="searchequtxSet" EntityType="ZMM_ODATA_PR_NEW_SRV.searchequtx" sap:creatable="false" sap:updatable="false" sap:deletable="false" sap:pageable="false" sap:content-version="1"/>
                <EntitySet Name="FavoriteSet" EntityType="ZMM_ODATA_PR_NEW_SRV.Favorite" sap:creatable="false" sap:updatable="false" sap:pageable="false" sap:content-version="1"/>
                <EntitySet Name="PrevitemsSet" EntityType="ZMM_ODATA_PR_NEW_SRV.Previtems" sap:creatable="false" sap:updatable="false" sap:deletable="false" sap:pageable="false" sap:content-version="1"/>
                <EntitySet Name="DraftitemsSet" EntityType="ZMM_ODATA_PR_NEW_SRV.Draftitems" sap:creatable="false" sap:updatable="false" sap:pageable="false" sap:content-version="1"/>
                <EntitySet Name="CheckflagSet" EntityType="ZMM_ODATA_PR_NEW_SRV.Checkflag" sap:creatable="false" sap:updatable="false" sap:deletable="false" sap:pageable="false" sap:content-version="1"/>
                <EntitySet Name="SearchmfrpnSet" EntityType="ZMM_ODATA_PR_NEW_SRV.Searchmfrpn" sap:creatable="false" sap:updatable="false" sap:deletable="false" sap:pageable="false" sap:content-version="1"/>
                <EntitySet Name="SesAttachSet" EntityType="ZMM_ODATA_PR_NEW_SRV.SesAttach" sap:creatable="false" sap:updatable="false" sap:deletable="false" sap:pageable="false" sap:content-version="1"/>
                <EntitySet Name="DraftlineSet" EntityType="ZMM_ODATA_PR_NEW_SRV.Draftline" sap:creatable="false" sap:updatable="false" sap:pageable="false" sap:content-version="1"/>
                <EntitySet Name="AddressSet" EntityType="ZMM_ODATA_PR_NEW_SRV.Address" sap:creatable="false" sap:updatable="false" sap:deletable="false" sap:pageable="false" sap:content-version="1"/>
                <EntitySet Name="FilterSet" EntityType="ZMM_ODATA_PR_NEW_SRV.Filter" sap:creatable="false" sap:updatable="false" sap:deletable="false" sap:pageable="false" sap:content-version="1"/>
                <EntitySet Name="PrintSet" EntityType="ZMM_ODATA_PR_NEW_SRV.Print" sap:creatable="false" sap:updatable="false" sap:deletable="false" sap:pageable="false" sap:content-version="1"/>
                <EntitySet Name="pdfSet" EntityType="ZMM_ODATA_PR_NEW_SRV.pdf" sap:creatable="false" sap:updatable="false" sap:deletable="false" sap:pageable="false" sap:content-version="1"/>
                <AssociationSet Name="orderToItemSet" Association="ZMM_ODATA_PR_NEW_SRV.orderToItem" sap:creatable="false" sap:updatable="false" sap:deletable="false" sap:content-version="1">
                    <End EntitySet="CheckflagSet" Role="FromRole_orderToItem"/>
                    <End EntitySet="DraftitemsSet" Role="ToRole_orderToItem"/>
                </AssociationSet>
            </EntityContainer>
            <atom:link
                xmlns:atom="http://www.w3.org/2005/Atom" rel="self" href="https://MYFIORIDEV.PD.COM:443/sap/opu/odata/sap/ZMM_ODATA_PR_NEW_SRV/$metadata"/>
                <atom:link
                    xmlns:atom="http://www.w3.org/2005/Atom" rel="latest-version" href="https://MYFIORIDEV.PD.COM:443/sap/opu/odata/sap/ZMM_ODATA_PR_NEW_SRV/$metadata"/>
                </Schema>
            </edmx:DataServices>
        </edmx:Edmx>