{
  "projectType": [
    "sap.watt.uitools.ide.fiori",
    "com.watt.common.builder.sapui5clientbuild",
    "com.sap.webide.hybrid.cordova"
  ],
  "build": {
    "targetFolder": "dist",
    "sourceFolder": "webapp",
    "excludedFolders": [
      "test"
    ],
    "excludedFiles": [
      "test.html"
    ],
    "buildRequired": true,
    "lastBuildDateTime": "Mon, 27 Nov 2017 10:41:16 GMT"
  },
  "dataBinding": {
    "/webapp/view/App.view.xml": {
      "entitySet": "UNBINDKEY"
    },
    "/webapp/view/NotFound.view.xml": {
      "entitySet": "UNBINDKEY"
    },
    "/webapp/view/DetailObjectNotFound.view.xml": {
      "entitySet": "UNBINDKEY"
    },
    "/webapp/view/DetailNoObjectsAvailable.view.xml": {
      "entitySet": "UNBINDKEY"
    },
    "/webapp/view/Master.view.xml": {
      "entitySet": "SesHeaderSet"
    },
    "/webapp/view/Detail.view.xml": {
      "entitySet": "SesHeaderSet"
    }
  },
  "generation": [
    {
      "templateId": "sap.ui.ui5-template-plugin.2masterdetail",
      "templateVersion": "1.44.6",
      "dateTimeStamp": "Tue, 22 Aug 2017 10:30:34 GMT"
    },
    {
      "templateId": "ui5template.basicSAPUI5ApplicationComponent",
      "templateVersion": "1.4.0",
      "dateTimeStamp": "Tue, 05 Sep 2017 12:46:28 GMT"
    },
    {
      "templateId": "servicecatalog.connectivityComponent",
      "templateVersion": "0.0.0",
      "dateTimeStamp": "Wed, 01 Nov 2017 16:53:51 GMT"
    }
  ],
  "translation": {
    "translationDomain": "",
    "supportedLanguages": "en,fr,de",
    "defaultLanguage": "en",
    "defaultI18NPropertyFile": "i18n.properties",
    "resourceModelName": "i18n"
  },
  "mockpreview": {
    "mockUri": "/sap/opu/odata/sap/ZMM_ODATA_PR_NEW_SRV",
    "metadataFilePath": "",
    "loadJSONFiles": false,
    "loadCustomRequests": false,
    "mockRequestsFilePath": ""
  },
  "basevalidator": {
    "services": {
      "xml": "fioriXmlAnalysis",
      "js": "fioriJsValidator"
    }
  },
  "codeCheckingTriggers": {
    "notifyBeforePush": true,
    "notifyBeforePushLevel": "Error",
    "blockPush": false,
    "blockPushLevel": "Error"
  },
  "hybrid": {
    "backendDestination": "DW0",
    "hatVersion": "1.28.0",
    "appNamespace": "pr.req",
    "oDataConfigs": [
      {
        "hybridOdata": {
          "name": "odataService",
          "serviceUrl": ""
        },
        "originOdata": {
          "name": "odataService",
          "serviceUrl": "/sap/opu/odata/sap/ZMM_ODATA_PR_NEW_SRV/"
        }
      },
      {
        "hybridOdata": {
          "name": "ZMM_ODATA_PR_NEW_SRV",
          "serviceUrl": ""
        },
        "originOdata": {
          "name": "ZMM_ODATA_PR_NEW_SRV",
          "serviceUrl": "/sap/opu/odata/sap/ZMM_ODATA_PR_NEW_SRV/"
        }
      }
    ],
    "FacadeConfig": {
      "cordova-plugin-device-orientation": false,
      "accelerometer": {},
      "compass": {},
      "bFacade": false
    }
  },
  "deploy": {
    "destination": "fes",
    "name": "ZMM_FIR_CPR"
  }
}