<edmx:Edmx
    xmlns:edmx="http://schemas.microsoft.com/ado/2007/06/edmx"
    xmlns:m="http://schemas.microsoft.com/ado/2007/08/dataservices/metadata"
    xmlns:sap="http://www.sap.com/Protocols/SAPData" Version="1.0">
    <edmx:DataServices m:DataServiceVersion="2.0">
        <Schema
            xmlns="http://schemas.microsoft.com/ado/2008/09/edm" Namespace="ZMM_ODATA_TTR_NEW_SRV" xml:lang="en" sap:schema-version="1">
            <EntityType Name="Plant" sap:content-version="1">
                <Key>
                    <PropertyRef Name="Werks"/>
                </Key>
                <Property Name="Werks" Type="Edm.String" Nullable="false" MaxLength="4" sap:unicode="false" sap:label="Plant" sap:creatable="false" sap:updatable="false" sap:sortable="false" sap:filterable="false"/>
                <Property Name="Name" Type="Edm.String" Nullable="false" MaxLength="30" sap:unicode="false" sap:label="Name 1" sap:creatable="false" sap:updatable="false" sap:sortable="false" sap:filterable="false"/>
            </EntityType>
            <EntityType Name="Sloc" sap:content-version="1">
                <Key>
                    <PropertyRef Name="Lgort"/>
                </Key>
                <Property Name="Lgort" Type="Edm.String" Nullable="false" MaxLength="4" sap:unicode="false" sap:label="Stor. location" sap:creatable="false" sap:updatable="false" sap:sortable="false" sap:filterable="false"/>
                <Property Name="Name" Type="Edm.String" Nullable="false" MaxLength="30" sap:unicode="false" sap:label="Name 1" sap:creatable="false" sap:updatable="false" sap:sortable="false" sap:filterable="false"/>
            </EntityType>
            <EntityType Name="Checkflag" sap:content-version="1">
                <Key>
                    <PropertyRef Name="Flag"/>
                </Key>
                <Property Name="Flag" Type="Edm.String" Nullable="false" MaxLength="1" sap:unicode="false" sap:label="Flag to identify if any draft Requisition is available" sap:creatable="false" sap:updatable="false" sap:sortable="false" sap:filterable="false"/>
                <Property Name="Mtrnum" Type="Edm.String" Nullable="false" MaxLength="6" sap:unicode="false" sap:label="TTR Number" sap:creatable="false" sap:updatable="false" sap:sortable="false" sap:filterable="false"/>
                <Property Name="Count" Type="Edm.String" Nullable="false" MaxLength="3" sap:unicode="false" sap:label="Count" sap:creatable="false" sap:updatable="false" sap:sortable="false" sap:filterable="false"/>
                <Property Name="Waers" Type="Edm.String" Nullable="false" MaxLength="5" sap:unicode="false" sap:label="Currency" sap:creatable="false" sap:updatable="false" sap:sortable="false" sap:filterable="false" sap:semantics="currency-code"/>
                <Property Name="Rig" Type="Edm.String" Nullable="false" sap:unicode="false" sap:label="Rig Number" sap:creatable="false" sap:updatable="false" sap:sortable="false" sap:filterable="false"/>
            </EntityType>
            <EntityType Name="Seachitem" sap:content-version="1">
                <Key>
                    <PropertyRef Name="Matnr"/>
                </Key>
                <Property Name="Matnr" Type="Edm.String" Nullable="false" MaxLength="40" sap:unicode="false" sap:label="Material" sap:creatable="false" sap:updatable="false" sap:sortable="false" sap:filterable="false"/>
                <Property Name="Description" Type="Edm.String" Nullable="false" MaxLength="40" sap:unicode="false" sap:label="Description" sap:creatable="false" sap:updatable="false" sap:sortable="false" sap:filterable="false"/>
                <Property Name="Type" Type="Edm.String" Nullable="false" MaxLength="18" sap:unicode="false" sap:label="Ext. Matl Group" sap:creatable="false" sap:updatable="false" sap:sortable="false" sap:filterable="false"/>
                <Property Name="Condition" Type="Edm.String" Nullable="false" MaxLength="10" sap:unicode="false" sap:label="Batch" sap:creatable="false" sap:updatable="false" sap:sortable="false" sap:filterable="false"/>
                <Property Name="Availqty" Type="Edm.Decimal" Nullable="false" Precision="13" Scale="3" sap:unicode="false" sap:label="Quantity" sap:creatable="false" sap:updatable="false" sap:sortable="false" sap:filterable="false"/>
                <Property Name="Qty" Type="Edm.Decimal" Nullable="false" Precision="13" Scale="3" sap:unicode="false" sap:label="Quantity" sap:creatable="false" sap:updatable="false" sap:sortable="false" sap:filterable="false"/>
                <Property Name="Rot" Type="Edm.String" Nullable="false" MaxLength="20" sap:unicode="false" sap:label="Reason" sap:creatable="false" sap:updatable="false" sap:sortable="false" sap:filterable="false"/>
                <Property Name="Comments" Type="Edm.String" Nullable="false" MaxLength="200" sap:unicode="false" sap:label="Text (200 char)" sap:creatable="false" sap:updatable="false" sap:sortable="false" sap:filterable="false"/>
            </EntityType>
            <EntityType Name="Draftitems" sap:content-version="1">
                <Key>
                    <PropertyRef Name="Flag"/>
                    <PropertyRef Name="Item"/>
                    <PropertyRef Name="Mtrnum"/>
                </Key>
                <Property Name="Tocharg" Type="Edm.String" Nullable="false" MaxLength="10" sap:unicode="false" sap:label="Batch" sap:creatable="false" sap:updatable="false" sap:sortable="false" sap:filterable="false"/>
                <Property Name="Flag" Type="Edm.String" Nullable="false" MaxLength="1" sap:unicode="false" sap:label="Single-Character Flag" sap:creatable="false" sap:updatable="false" sap:sortable="false" sap:filterable="false"/>
                <Property Name="Item" Type="Edm.String" Nullable="false" MaxLength="6" sap:unicode="false" sap:label="Line Item" sap:creatable="false" sap:updatable="false" sap:sortable="false" sap:filterable="false"/>
                <Property Name="Type" Type="Edm.String" Nullable="false" MaxLength="50" sap:unicode="false" sap:label="Text" sap:creatable="false" sap:updatable="false" sap:sortable="false" sap:filterable="false"/>
                <Property Name="Maktx" Type="Edm.String" Nullable="false" MaxLength="40" sap:unicode="false" sap:label="Description" sap:creatable="false" sap:updatable="false" sap:sortable="false" sap:filterable="false"/>
                <Property Name="Menge" Type="Edm.Decimal" Nullable="false" Precision="13" Scale="3" sap:unicode="false" sap:label="Quantity" sap:creatable="false" sap:updatable="false" sap:sortable="false" sap:filterable="false"/>
                <Property Name="Mtrnum" Type="Edm.String" Nullable="false" MaxLength="6" sap:unicode="false" sap:label="TTR Number" sap:creatable="false" sap:updatable="false" sap:sortable="false" sap:filterable="false"/>
                <Property Name="Namew" Type="Edm.String" Nullable="false" MaxLength="30" sap:unicode="false" sap:label="Name 1" sap:creatable="false" sap:updatable="false" sap:sortable="false" sap:filterable="false"/>
                <Property Name="Transfermode" Type="Edm.String" Nullable="false" MaxLength="1" sap:unicode="false" sap:label="Tansfer Moder" sap:creatable="false" sap:updatable="false" sap:sortable="false" sap:filterable="false"/>
                <Property Name="Frbukrs" Type="Edm.String" Nullable="false" MaxLength="4" sap:unicode="false" sap:label="Company Code" sap:creatable="false" sap:updatable="false" sap:sortable="false" sap:filterable="false"/>
                <Property Name="Namel" Type="Edm.String" Nullable="false" MaxLength="30" sap:unicode="false" sap:label="Name 1" sap:creatable="false" sap:updatable="false" sap:sortable="false" sap:filterable="false"/>
                <Property Name="Tobukrs" Type="Edm.String" Nullable="false" MaxLength="4" sap:unicode="false" sap:label="Company Code" sap:creatable="false" sap:updatable="false" sap:sortable="false" sap:filterable="false"/>
                <Property Name="Frwerks" Type="Edm.String" Nullable="false" MaxLength="4" sap:unicode="false" sap:label="Plant" sap:creatable="false" sap:updatable="false" sap:sortable="false" sap:filterable="false"/>
                <Property Name="Towerks" Type="Edm.String" Nullable="false" MaxLength="4" sap:unicode="false" sap:label="Plant" sap:creatable="false" sap:updatable="false" sap:sortable="false" sap:filterable="false"/>
                <Property Name="Frlgort" Type="Edm.String" Nullable="false" MaxLength="4" sap:unicode="false" sap:label="Stor. location" sap:creatable="false" sap:updatable="false" sap:sortable="false" sap:filterable="false"/>
                <Property Name="Tolgort" Type="Edm.String" Nullable="false" MaxLength="4" sap:unicode="false" sap:label="Stor. location" sap:creatable="false" sap:updatable="false" sap:sortable="false" sap:filterable="false"/>
                <Property Name="Erdat" Type="Edm.String" Nullable="false" MaxLength="10" sap:unicode="false" sap:label="Character Field Length = 10" sap:creatable="false" sap:updatable="false" sap:sortable="false" sap:filterable="false"/>
                <Property Name="Ernam" Type="Edm.String" Nullable="false" MaxLength="12" sap:unicode="false" sap:label="Created by" sap:creatable="false" sap:updatable="false" sap:sortable="false" sap:filterable="false"/>
                <Property Name="Aedat" Type="Edm.String" Nullable="false" MaxLength="10" sap:unicode="false" sap:label="Character Field Length = 10" sap:creatable="false" sap:updatable="false" sap:sortable="false" sap:filterable="false"/>
                <Property Name="Aenam" Type="Edm.String" Nullable="false" MaxLength="12" sap:unicode="false" sap:label="Changed by" sap:creatable="false" sap:updatable="false" sap:sortable="false" sap:filterable="false"/>
                <Property Name="Shipmentinfo" Type="Edm.String" Nullable="false" MaxLength="200" sap:unicode="false" sap:label="Text (200 char)" sap:creatable="false" sap:updatable="false" sap:sortable="false" sap:filterable="false"/>
                <Property Name="Shipmentdate" Type="Edm.String" Nullable="false" MaxLength="10" sap:unicode="false" sap:label="Character Field Length = 10" sap:creatable="false" sap:updatable="false" sap:sortable="false" sap:filterable="false"/>
                <Property Name="Tocontactname" Type="Edm.String" Nullable="false" MaxLength="30" sap:unicode="false" sap:label="Name 1" sap:creatable="false" sap:updatable="false" sap:sortable="false" sap:filterable="false"/>
                <Property Name="Tocontactphone" Type="Edm.String" Nullable="false" MaxLength="20" sap:unicode="false" sap:label="Char20" sap:creatable="false" sap:updatable="false" sap:sortable="false" sap:filterable="false"/>
                <Property Name="Toexpecteddate" Type="Edm.String" Nullable="false" MaxLength="10" sap:unicode="false" sap:label="Character Field Length = 10" sap:creatable="false" sap:updatable="false" sap:sortable="false" sap:filterable="false"/>
                <Property Name="Tocontactcompany" Type="Edm.String" Nullable="false" sap:unicode="false" sap:label="TOCONTACTCOMPANY" sap:creatable="false" sap:updatable="false" sap:sortable="false" sap:filterable="false"/>
                <Property Name="Tocontactaddress" Type="Edm.String" Nullable="false" sap:unicode="false" sap:label="TOCONTACTADDRESS" sap:creatable="false" sap:updatable="false" sap:sortable="false" sap:filterable="false"/>
                <Property Name="Tolongitude" Type="Edm.String" Nullable="false" sap:unicode="false" sap:label="TOLONGITUDE" sap:creatable="false" sap:updatable="false" sap:sortable="false" sap:filterable="false"/>
                <Property Name="Tolatitude" Type="Edm.String" Nullable="false" sap:unicode="false" sap:label="TOLATITUDE" sap:creatable="false" sap:updatable="false" sap:sortable="false" sap:filterable="false"/>
                <Property Name="Lostinholedate" Type="Edm.String" Nullable="false" MaxLength="10" sap:unicode="false" sap:label="Character Field Length = 10" sap:creatable="false" sap:updatable="false" sap:sortable="false" sap:filterable="false"/>
                <Property Name="Mblnr" Type="Edm.String" Nullable="false" MaxLength="10" sap:unicode="false" sap:label="Material Doc." sap:creatable="false" sap:updatable="false" sap:sortable="false" sap:filterable="false"/>
                <Property Name="Mjahr" Type="Edm.String" Nullable="false" MaxLength="4" sap:unicode="false" sap:label="Mat. Doc. Year" sap:creatable="false" sap:updatable="false" sap:sortable="false" sap:filterable="false"/>
                <Property Name="Trackstatus" Type="Edm.String" Nullable="false" MaxLength="1" sap:unicode="false" sap:label="Tracked Status" sap:creatable="false" sap:updatable="false" sap:sortable="false" sap:filterable="false"/>
                <Property Name="Lostlongitude" Type="Edm.String" Nullable="false" sap:unicode="false" sap:label="LOSTLONGITUDE" sap:creatable="false" sap:updatable="false" sap:sortable="false" sap:filterable="false"/>
                <Property Name="Lostlatitude" Type="Edm.String" Nullable="false" sap:unicode="false" sap:label="LOSTLATITUDE" sap:creatable="false" sap:updatable="false" sap:sortable="false" sap:filterable="false"/>
                <Property Name="Matnr" Type="Edm.String" Nullable="false" MaxLength="40" sap:unicode="false" sap:label="Material" sap:creatable="false" sap:updatable="false" sap:sortable="false" sap:filterable="false"/>
                <Property Name="Charg" Type="Edm.String" Nullable="false" MaxLength="10" sap:unicode="false" sap:label="Batch" sap:creatable="false" sap:updatable="false" sap:sortable="false" sap:filterable="false"/>
                <Property Name="Reasoncode" Type="Edm.String" Nullable="false" sap:unicode="false" sap:label="MTR reason code (materials)" sap:creatable="false" sap:updatable="false" sap:sortable="false" sap:filterable="false"/>
                <Property Name="Comments" Type="Edm.String" Nullable="false" MaxLength="250" sap:unicode="false" sap:label="Comments" sap:creatable="false" sap:updatable="false" sap:sortable="false" sap:filterable="false"/>
                <Property Name="Statuscomments" Type="Edm.String" Nullable="false" sap:unicode="false" sap:label="STATUSCOMMENTS" sap:creatable="false" sap:updatable="false" sap:sortable="false" sap:filterable="false"/>
                <Property Name="EntryQty" Type="Edm.Decimal" Nullable="false" Precision="13" Scale="3" sap:unicode="false" sap:label="Quantity" sap:creatable="false" sap:updatable="false" sap:sortable="false" sap:filterable="false"/>
                <Property Name="Ntdescription" Type="Edm.String" Nullable="false" MaxLength="40" sap:unicode="false" sap:label="Description" sap:creatable="false" sap:updatable="false" sap:sortable="false" sap:filterable="false"/>
                <Property Name="Ntentryqty" Type="Edm.Decimal" Nullable="false" Precision="13" Scale="3" sap:unicode="false" sap:label="Quantity" sap:creatable="false" sap:updatable="false" sap:sortable="false" sap:filterable="false"/>
            </EntityType>
            <EntityType Name="Head" sap:content-version="1">
                <Key>
                    <PropertyRef Name="Ttr"/>
                </Key>
                <Property Name="Werks" Type="Edm.String" Nullable="false" MaxLength="4" sap:unicode="false" sap:label="Plant" sap:creatable="false" sap:updatable="false" sap:sortable="false" sap:filterable="false"/>
                <Property Name="Usr00" Type="Edm.String" Nullable="false" MaxLength="12" sap:unicode="false" sap:label="User Name" sap:creatable="false" sap:updatable="false" sap:sortable="false" sap:filterable="false"/>
                <Property Name="Lgort" Type="Edm.String" Nullable="false" MaxLength="4" sap:unicode="false" sap:label="Stor. location" sap:creatable="false" sap:updatable="false" sap:sortable="false" sap:filterable="false"/>
                <Property Name="Operator" Type="Edm.String" Nullable="false" MaxLength="50" sap:unicode="false" sap:label="Text" sap:creatable="false" sap:updatable="false" sap:sortable="false" sap:filterable="false"/>
                <Property Name="Wellname" Type="Edm.String" Nullable="false" MaxLength="50" sap:unicode="false" sap:label="Text" sap:creatable="false" sap:updatable="false" sap:sortable="false" sap:filterable="false"/>
                <Property Name="Lsd" Type="Edm.String" Nullable="false" MaxLength="50" sap:unicode="false" sap:label="Text" sap:creatable="false" sap:updatable="false" sap:sortable="false" sap:filterable="false"/>
                <Property Name="Latitude" Type="Edm.String" Nullable="false" MaxLength="50" sap:unicode="false" sap:label="Text" sap:creatable="false" sap:updatable="false" sap:sortable="false" sap:filterable="false"/>
                <Property Name="Long" Type="Edm.String" Nullable="false" MaxLength="50" sap:unicode="false" sap:label="Text" sap:creatable="false" sap:updatable="false" sap:sortable="false" sap:filterable="false"/>
                <Property Name="Lostserialnumber" Type="Edm.String" Nullable="false" MaxLength="50" sap:unicode="false" sap:label="Text" sap:creatable="false" sap:updatable="false" sap:sortable="false" sap:filterable="false"/>
                <Property Name="Ttr" Type="Edm.String" Nullable="false" MaxLength="6" sap:unicode="false" sap:label="TTR Number" sap:creatable="false" sap:updatable="false" sap:sortable="false" sap:filterable="false"/>
                <Property Name="Namew" Type="Edm.String" Nullable="false" MaxLength="30" sap:unicode="false" sap:label="Name 1" sap:creatable="false" sap:updatable="false" sap:sortable="false" sap:filterable="false"/>
                <Property Name="Namel" Type="Edm.String" Nullable="false" MaxLength="30" sap:unicode="false" sap:label="Name 1" sap:creatable="false" sap:updatable="false" sap:sortable="false" sap:filterable="false"/>
            </EntityType>
            <EntityContainer Name="ZMM_ODATA_TTR_NEW_SRV_Entities" m:IsDefaultEntityContainer="true" sap:supported-formats="atom json xlsx">
                <EntitySet Name="PlantSet" EntityType="ZMM_ODATA_TTR_NEW_SRV.Plant" sap:creatable="false" sap:updatable="false" sap:deletable="false" sap:pageable="false" sap:content-version="1"/>
                <EntitySet Name="SlocSet" EntityType="ZMM_ODATA_TTR_NEW_SRV.Sloc" sap:creatable="false" sap:updatable="false" sap:deletable="false" sap:pageable="false" sap:content-version="1"/>
                <EntitySet Name="CheckflagSet" EntityType="ZMM_ODATA_TTR_NEW_SRV.Checkflag" sap:creatable="false" sap:updatable="false" sap:deletable="false" sap:pageable="false" sap:content-version="1"/>
                <EntitySet Name="SeachitemSet" EntityType="ZMM_ODATA_TTR_NEW_SRV.Seachitem" sap:creatable="false" sap:updatable="false" sap:deletable="false" sap:pageable="false" sap:content-version="1"/>
                <EntitySet Name="DraftitemsSet" EntityType="ZMM_ODATA_TTR_NEW_SRV.Draftitems" sap:creatable="false" sap:updatable="false" sap:deletable="false" sap:searchable="true" sap:pageable="false" sap:content-version="1"/>
                <EntitySet Name="HeadSet" EntityType="ZMM_ODATA_TTR_NEW_SRV.Head" sap:creatable="false" sap:updatable="false" sap:deletable="false" sap:pageable="false" sap:content-version="1"/>
            </EntityContainer>
            <atom:link
                xmlns:atom="http://www.w3.org/2005/Atom" rel="self" href="https://MYFIORIDEV.PD.COM:443/sap/opu/odata/sap/ZMM_ODATA_TTR_NEW_SRV/$metadata"/>
                <atom:link
                    xmlns:atom="http://www.w3.org/2005/Atom" rel="latest-version" href="https://MYFIORIDEV.PD.COM:443/sap/opu/odata/sap/ZMM_ODATA_TTR_NEW_SRV/$metadata"/>
                </Schema>
            </edmx:DataServices>
        </edmx:Edmx>