<edmx:Edmx
    xmlns:edmx="http://schemas.microsoft.com/ado/2007/06/edmx"
    xmlns:m="http://schemas.microsoft.com/ado/2007/08/dataservices/metadata"
    xmlns:sap="http://www.sap.com/Protocols/SAPData" Version="1.0">
    <edmx:DataServices m:DataServiceVersion="2.0">
        <Schema
            xmlns="http://schemas.microsoft.com/ado/2008/09/edm" Namespace="ZMM_ODATA_CSES_NEW_SRV" xml:lang="en" sap:schema-version="1">
            <EntityType Name="SesHeader" sap:content-version="1">
                <Key>
                    <PropertyRef Name="Ebeln"/>
                    <PropertyRef Name="Ebelp"/>
                </Key>
                <Property Name="Eadat" Type="Edm.DateTime" Precision="0" sap:unicode="false" sap:label="Time Stamp" sap:creatable="false" sap:updatable="false" sap:sortable="false" sap:filterable="false"/>
                <Property Name="Ebeln" Type="Edm.String" Nullable="false" MaxLength="10" sap:unicode="false" sap:label="Purchasing Doc." sap:creatable="false" sap:updatable="false" sap:sortable="false"/>
                <Property Name="Lgort" Type="Edm.String" Nullable="false" MaxLength="4" sap:unicode="false" sap:label="Stor. location" sap:creatable="false" sap:updatable="false" sap:sortable="false" sap:filterable="false"/>
                <Property Name="Lifnr" Type="Edm.String" Nullable="false" MaxLength="10" sap:unicode="false" sap:label="Vendor" sap:creatable="false" sap:updatable="false" sap:sortable="false" sap:filterable="false"/>
                <Property Name="Ebelp" Type="Edm.String" Nullable="false" MaxLength="5" sap:unicode="false" sap:label="Item" sap:creatable="false" sap:updatable="false" sap:sortable="false" sap:filterable="false"/>
                <Property Name="Txz01" Type="Edm.String" Nullable="false" MaxLength="40" sap:unicode="false" sap:label="Short Text" sap:creatable="false" sap:updatable="false" sap:sortable="false" sap:filterable="false"/>
                <Property Name="Name1" Type="Edm.String" Nullable="false" MaxLength="35" sap:unicode="false" sap:label="Name" sap:creatable="false" sap:updatable="false" sap:sortable="false" sap:filterable="false"/>
                <NavigationProperty Name="nav_htoi" Relationship="ZMM_ODATA_CSES_NEW_SRV.OrderToItem" FromRole="FromRole_OrderToItem" ToRole="ToRole_OrderToItem"/>
            </EntityType>
            <EntityType Name="SesItem" sap:content-version="1">
                <Key>
                    <PropertyRef Name="Ebeln"/>
                    <PropertyRef Name="Ebelp"/>
                </Key>
                <Property Name="Ebeln" Type="Edm.String" Nullable="false" MaxLength="10" sap:unicode="false" sap:label="Purchasing Doc." sap:creatable="false" sap:updatable="false" sap:sortable="false"/>
                <Property Name="FlagOpen" Type="Edm.Boolean" Nullable="false" sap:unicode="false" sap:label="Boolean Variable (X=true, -=false, space=unknown)" sap:creatable="false" sap:updatable="false" sap:sortable="false" sap:filterable="false"/>
                <Property Name="OpenQty" Type="Edm.Decimal" Precision="13" Scale="1" sap:unicode="false" sap:unit="BaseUom" sap:label="Quantity" sap:creatable="false" sap:updatable="false" sap:sortable="false" sap:filterable="false"/>
                <Property Name="FlagNolimit" Type="Edm.Boolean" Nullable="false" sap:unicode="false" sap:label="Boolean Variable (X=true, -=false, space=unknown)" sap:creatable="false" sap:updatable="false" sap:sortable="false" sap:filterable="false"/>
                <Property Name="PckgNo" Type="Edm.String" Nullable="false" MaxLength="10" sap:unicode="false" sap:label="Package number" sap:creatable="false" sap:updatable="false" sap:sortable="false" sap:filterable="false"/>
                <Property Name="Quantity" Type="Edm.Decimal" Precision="13" Scale="1" sap:unicode="false" sap:unit="BaseUom" sap:label="Quantity" sap:creatable="false" sap:updatable="false" sap:sortable="false" sap:filterable="false"/>
                <Property Name="Ebelp" Type="Edm.String" Nullable="false" MaxLength="5" sap:unicode="false" sap:label="Item" sap:creatable="false" sap:updatable="false" sap:sortable="false" sap:filterable="false"/>
                <Property Name="InputQty" Type="Edm.Decimal" Precision="13" Scale="1" sap:unicode="false" sap:unit="BaseUom" sap:label="Quantity" sap:creatable="false" sap:updatable="false" sap:sortable="false" sap:filterable="false"/>
                <Property Name="ShortText" Type="Edm.String" Nullable="false" MaxLength="40" sap:unicode="false" sap:label="Short Text" sap:creatable="false" sap:updatable="false" sap:sortable="false" sap:filterable="false"/>
                <Property Name="BaseUom" Type="Edm.String" Nullable="false" MaxLength="3" sap:unicode="false" sap:label="Base Unit" sap:creatable="false" sap:updatable="false" sap:sortable="false" sap:filterable="false" sap:semantics="unit-of-measure"/>
                <Property Name="GrossVal" Type="Edm.Decimal" Precision="23" Scale="4" sap:unicode="false" sap:label="Gross value" sap:creatable="false" sap:updatable="false" sap:sortable="false" sap:filterable="false"/>
                <Property Name="ExtNumber" Type="Edm.String" Nullable="false" MaxLength="16" sap:unicode="false" sap:label="External number" sap:creatable="false" sap:updatable="false" sap:sortable="false" sap:filterable="false"/>
                <Property Name="HeaderText" Type="Edm.String" Nullable="false" MaxLength="40" sap:unicode="false" sap:label="Short Text" sap:creatable="false" sap:updatable="false" sap:sortable="false" sap:filterable="false"/>
            </EntityType>
            <EntityType Name="SesAttach" m:HasStream="true" sap:content-version="1">
                <Key>
                    <PropertyRef Name="Filename"/>
                    <PropertyRef Name="Ebeln"/>
                </Key>
                <Property Name="Filename" Type="Edm.String" Nullable="false" MaxLength="100" sap:unicode="false" sap:label="Character 100" sap:creatable="false" sap:updatable="false" sap:sortable="false" sap:filterable="false"/>
                <Property Name="Ebeln" Type="Edm.String" Nullable="false" MaxLength="10" sap:unicode="false" sap:label="Purchasing Doc." sap:creatable="false" sap:updatable="false" sap:sortable="false" sap:filterable="false"/>
                <Property Name="MimeType" Type="Edm.String" Nullable="false" MaxLength="100" sap:unicode="false" sap:label="Character 100" sap:creatable="false" sap:updatable="false" sap:sortable="false" sap:filterable="false"/>
                <Property Name="MediaResource" Type="Edm.Binary" Nullable="false" sap:unicode="false" sap:label="Binary String" sap:creatable="false" sap:updatable="false" sap:sortable="false" sap:filterable="false"/>
            </EntityType>
            <EntityType Name="EbelnVH" sap:content-version="1">
                <Key>
                    <PropertyRef Name="Ebeln"/>
                </Key>
                <Property Name="Ebeln" Type="Edm.String" Nullable="false" MaxLength="10" sap:unicode="false" sap:label="Purchasing Doc." sap:creatable="false" sap:updatable="false" sap:sortable="false" sap:filterable="false"/>
            </EntityType>
            <EntityType Name="LgortVH" sap:content-version="1">
                <Key>
                    <PropertyRef Name="Lgort"/>
                    <PropertyRef Name="Lgobe"/>
                </Key>
                <Property Name="Lgort" Type="Edm.String" Nullable="false" MaxLength="4" sap:unicode="false" sap:label="Stor. location" sap:creatable="false" sap:updatable="false" sap:sortable="false" sap:filterable="false"/>
                <Property Name="Lgobe" Type="Edm.String" Nullable="false" MaxLength="16" sap:unicode="false" sap:label="Description" sap:creatable="false" sap:updatable="false" sap:sortable="false" sap:filterable="false"/>
            </EntityType>
            <EntityType Name="VendorVH" sap:content-version="1">
                <Key>
                    <PropertyRef Name="Lifnr"/>
                </Key>
                <Property Name="Lifnr" Type="Edm.String" Nullable="false" MaxLength="10" sap:unicode="false" sap:label="Vendor" sap:creatable="false" sap:updatable="false" sap:sortable="false" sap:filterable="false"/>
                <Property Name="Name1" Type="Edm.String" Nullable="false" MaxLength="30" sap:unicode="false" sap:label="Name 1" sap:creatable="false" sap:updatable="false" sap:sortable="false" sap:filterable="false"/>
            </EntityType>
            <EntityType Name="UomVH" sap:content-version="1">
                <Key>
                    <PropertyRef Name="Mseh3"/>
                </Key>
                <Property Name="Msehl" Type="Edm.String" Nullable="false" MaxLength="30" sap:unicode="false" sap:label="Unit text" sap:creatable="false" sap:updatable="false" sap:sortable="false" sap:filterable="false"/>
                <Property Name="Mseh3" Type="Edm.String" Nullable="false" MaxLength="3" sap:unicode="false" sap:label="Commercial" sap:creatable="false" sap:updatable="false" sap:sortable="false" sap:filterable="false"/>
            </EntityType>
            <Association Name="OrderToItem" sap:content-version="1">
                <End Type="ZMM_ODATA_CSES_NEW_SRV.SesHeader" Multiplicity="1" Role="FromRole_OrderToItem"/>
                <End Type="ZMM_ODATA_CSES_NEW_SRV.SesItem" Multiplicity="*" Role="ToRole_OrderToItem"/>
                <ReferentialConstraint>
                    <Principal Role="FromRole_OrderToItem">
                        <PropertyRef Name="Ebelp"/>
                        <PropertyRef Name="Ebeln"/>
                    </Principal>
                    <Dependent Role="ToRole_OrderToItem">
                        <PropertyRef Name="Ebelp"/>
                        <PropertyRef Name="Ebeln"/>
                    </Dependent>
                </ReferentialConstraint>
            </Association>
            <EntityContainer Name="ZMM_ODATA_CSES_NEW_SRV_Entities" m:IsDefaultEntityContainer="true" sap:supported-formats="atom json xlsx">
                <EntitySet Name="SesHeaderSet" EntityType="ZMM_ODATA_CSES_NEW_SRV.SesHeader" sap:creatable="false" sap:updatable="false" sap:deletable="false" sap:searchable="true" sap:pageable="false" sap:content-version="1"/>
                <EntitySet Name="SesItemSet" EntityType="ZMM_ODATA_CSES_NEW_SRV.SesItem" sap:creatable="false" sap:updatable="false" sap:deletable="false" sap:pageable="false" sap:content-version="1"/>
                <EntitySet Name="SesAttachSet" EntityType="ZMM_ODATA_CSES_NEW_SRV.SesAttach" sap:creatable="false" sap:updatable="false" sap:deletable="false" sap:pageable="false" sap:content-version="1"/>
                <EntitySet Name="EbelnVHSet" EntityType="ZMM_ODATA_CSES_NEW_SRV.EbelnVH" sap:creatable="false" sap:updatable="false" sap:deletable="false" sap:pageable="false" sap:content-version="1"/>
                <EntitySet Name="LgortVHSet" EntityType="ZMM_ODATA_CSES_NEW_SRV.LgortVH" sap:creatable="false" sap:updatable="false" sap:deletable="false" sap:pageable="false" sap:content-version="1"/>
                <EntitySet Name="VendorVHSet" EntityType="ZMM_ODATA_CSES_NEW_SRV.VendorVH" sap:creatable="false" sap:updatable="false" sap:deletable="false" sap:pageable="false" sap:content-version="1"/>
                <EntitySet Name="UomVHSet" EntityType="ZMM_ODATA_CSES_NEW_SRV.UomVH" sap:creatable="false" sap:updatable="false" sap:deletable="false" sap:pageable="false" sap:content-version="1"/>
                <AssociationSet Name="OrderToItemSet" Association="ZMM_ODATA_CSES_NEW_SRV.OrderToItem" sap:creatable="false" sap:updatable="false" sap:deletable="false" sap:content-version="1">
                    <End EntitySet="SesHeaderSet" Role="FromRole_OrderToItem"/>
                    <End EntitySet="SesItemSet" Role="ToRole_OrderToItem"/>
                </AssociationSet>
            </EntityContainer>
            <atom:link
                xmlns:atom="http://www.w3.org/2005/Atom" rel="self" href="./sap/ZMM_ODATA_CSES_NEW_SRV/$metadata"/>
                <atom:link
                    xmlns:atom="http://www.w3.org/2005/Atom" rel="latest-version" href="./sap/ZMM_ODATA_CSES_NEW_SRV/$metadata"/>
                </Schema>
            </edmx:DataServices>
        </edmx:Edmx>