{
    "resources": [
        {
            "name": "i18n/i18n.properties",
            "raw": "i18n/i18n.properties"
        },
        {
            "name": "utils/formatter.js"
        },
        {
            "name": "controller/Master.controller.js"
        },
        {
            "name": "controller/Sample.controller.js"
        },
        {
            "name": "controller/App.controller.js"
        },
        {
            "name": "controller/ListSelector.js"
        },
        {
            "name": "controller/Detail.controller.js"
        },
        {
            "name": "controller/ErrorHandler.js"
        },
        {
            "name": "controller/PreviousRequisitions.controller.js"
        },
        {
            "name": "controller/BaseController.js"
        },
        {
            "name": "controller/Favorite.controller.js"
        },
        {
            "name": "controller/ShoppingCart.controller.js"
        },
        {
            "name": "controller/CreateItem.controller.js"
        },
        {
            "name": "test/integration/BusyJourney.js"
        },
        {
            "name": "test/integration/NotFoundJourneyPhone.js"
        },
        {
            "name": "test/integration/NavigationJourneyPhone.js"
        },
        {
            "name": "test/integration/FLPIntegrationJourney.js"
        },
        {
            "name": "test/integration/opaTests.qunit.html"
        },
        {
            "name": "test/integration/opaTestsPhone.qunit.html"
        },
        {
            "name": "test/integration/NotFoundJourney.js"
        },
        {
            "name": "test/integration/NavigationJourney.js"
        },
        {
            "name": "test/integration/AllJourneys.js"
        },
        {
            "name": "test/integration/BusyJourneyPhone.js"
        },
        {
            "name": "test/integration/PhoneJourneys.js"
        },
        {
            "name": "test/integration/MasterJourney.js"
        },
        {
            "name": "test/integration/pages/Detail.js"
        },
        {
            "name": "test/integration/pages/Common.js"
        },
        {
            "name": "test/integration/pages/Browser.js"
        },
        {
            "name": "test/integration/pages/NotFound.js"
        },
        {
            "name": "test/integration/pages/Master.js"
        },
        {
            "name": "test/integration/pages/App.js"
        },
        {
            "name": "test/unit/controller/App.controller.js"
        },
        {
            "name": "test/unit/controller/ListSelector.js"
        },
        {
            "name": "test/unit/unitTests.qunit.html"
        },
        {
            "name": "test/unit/allTests.js"
        },
        {
            "name": "test/unit/model/models.js"
        },
        {
            "name": "test/unit/model/formatter.js"
        },
        {
            "name": "test/flpSandbox.html"
        },
        {
            "name": "test/flpSandboxMockServer.html"
        },
        {
            "name": "test/images/PDlogo.png"
        },
        {
            "name": "test/testsuite.qunit.html"
        },
        {
            "name": "test/extended_runnable_file.html"
        },
        {
            "name": "css/style.css"
        },
        {
            "name": "Component.js"
        },
        {
            "name": "test.html"
        },
        {
            "name": "view/Favorite.view.xml"
        },
        {
            "name": "view/Sample.view.xml"
        },
        {
            "name": "view/fragment/InitialDialog.fragment.xml"
        },
        {
            "name": "view/fragment/ShoppingCart.fragment.xml"
        },
        {
            "name": "view/fragment/ViewSettingsDialog.fragment.xml"
        },
        {
            "name": "view/fragment/AttachmentDialog.fragment.xml"
        },
        {
            "name": "view/fragment/QuickView.fragment.xml"
        },
        {
            "name": "view/fragment/ValueHelp.fragment.xml"
        },
        {
            "name": "view/fragment/pDialog.fragment.xml"
        },
        {
            "name": "view/fragment/pdfForm.fragment.xml"
        },
        {
            "name": "view/fragment/CatalogDialog.fragment.xml"
        },
        {
            "name": "view/fragment/Sorter.fragment.xml"
        },
        {
            "name": "view/fragment/EquipmentDialog.fragment.xml"
        },
        {
            "name": "view/fragment/createdbyFilter.fragment.xml"
        },
        {
            "name": "view/fragment/Attachment.fragment.xml"
        },
        {
            "name": "view/App.view.xml"
        },
        {
            "name": "view/DetailNoObjectsAvailable.view.xml"
        },
        {
            "name": "view/PreviousRequisitions.view.xml"
        },
        {
            "name": "view/DetailObjectNotFound.view.xml"
        },
        {
            "name": "view/NotFound.view.xml"
        },
        {
            "name": "view/Master.view.xml"
        },
        {
            "name": "view/Detail.view.xml"
        },
        {
            "name": "view/CreateItem.view.xml"
        },
        {
            "name": "view/ShoppingCart.view.xml"
        },
        {
            "name": "model/models.js"
        },
        {
            "name": "model/formatter.js"
        },
        {
            "name": "images/PDlogo.png"
        },
        {
            "name": "manifest.json"
        },
        {
            "name": "localService/mockserver.js"
        },
        {
            "name": "localService/metadata.xml"
        },
        {
            "name": "Component-preload.js",
            "merged": true
        },
        {
            "name": "neo-app.json"
        }
    ]
}